id;code;title;description
1;Concrete redundant;feed Rustic Concrete Keyboard;../fake-data/blob/hipster.txt
2;Movies Liaison non-volatile;Refined Fresh Hat District;../fake-data/blob/hipster.txt
3;Vermont Intelligent;bottom-line hardware;../fake-data/blob/hipster.txt
4;programming Gateway navigate;optical Auto Loan Account;../fake-data/blob/hipster.txt
5;Unbranded Awesome Frozen Computer;Response Architect;../fake-data/blob/hipster.txt
6;Plastic RAM action-items;program;../fake-data/blob/hipster.txt
7;Mountains plum generating;Missouri haptic;../fake-data/blob/hipster.txt
8;implementation;synthesizing RAM invoice;../fake-data/blob/hipster.txt
9;Kentucky Savings Account;Czech Koruna integrated Forges;../fake-data/blob/hipster.txt
10;Awesome;Tasty;../fake-data/blob/hipster.txt
